{"entities":{"pages":{"metakyasshu":{"id":"metakyasshu","title":"Sistema de Controle Financeiro Compartilhado (METAKYASSHU)","url":"metakyasshu.html","level":0,"tabIndex":0},"requirements":{"id":"requirements","title":"Requisitos","url":"requirements.html","level":0,"pages":["RF01","RF02"],"tabIndex":1},"RF01":{"id":"RF01","title":"RF01 - Cadastrar Usuário","url":"rf01.html","level":1,"parentId":"requirements","tabIndex":0},"RF02":{"id":"RF02","title":"RF02 - Validar Usuário","url":"rf02.html","level":1,"parentId":"requirements","tabIndex":1}}},"topLevelIds":["metakyasshu","requirements"]}